{
	"system" : {
		"platform" : "windows64",
		"os_name" : "Windows 10",
		"os_version" : "10.0"
	},
	"error" : {
		"executable" : "quartus",
		"comment" : "not_applicable",
		"error_message" : "glyph != NULL",
		"source_file" : "/quartus/edt/wedtq/wedtq_select_object.cpp",
		"line" : "95",
		"stack_trace" : "\t0x7ffe5d707863: edt_wedtq + 0x77863 (?add_glyph@WEDTQ_SELECT_OBJECT@@QEAAXPEAVWEDTQ_GLYPH@@@Z + 0x33)\n\t0x7ffe5d6d8cbe: edt_wedtq + 0x48cbe (?on_selection_changed@WEDTQ_NODE_VIEW@@IEAAXAEBVQItemSelection@@0@Z + 0x1be)\n\t 0x5bf2c420: QtCore4 + 0x11c420 (?activate@QMetaObject@@SAXPEAVQObject@@PEBU1@HPEAPEAX@Z + 0x520)\n\t 0x5b593b12: QtGui4 + 0x4b3b12 (?emitSelectionChanged@QItemSelectionModel@@IEAAXAEBVQItemSelection@@0@Z + 0x742)\n\t 0x5b59669f: QtGui4 + 0x4b669f (?select@QItemSelectionModel@@UEAAXAEBVQItemSelection@@V?$QFlags@W4SelectionFlag@QItemSelectionModel@@@@@Z + 0x3cf)\n\t 0x5b59686b: QtGui4 + 0x4b686b (?select@QItemSelectionModel@@UEAAXAEBVQModelIndex@@V?$QFlags@W4SelectionFlag@QItemSelectionModel@@@@@Z + 0x5b)\n\t 0x5b597410: QtGui4 + 0x4b7410 (?setCurrentIndex@QItemSelectionModel@@QEAAXAEBVQModelIndex@@V?$QFlags@W4SelectionFlag@QItemSelectionModel@@@@@Z + 0xd0)\n\t 0x5b5526f2: QtGui4 + 0x4726f2 (?setCurrentIndex@QAbstractItemView@@QEAAXAEBVQModelIndex@@@Z + 0xa2)\n\t0x7ffe5d6d97b7: edt_wedtq + 0x497b7 (?rearrange_model_rows@WEDTQ_NODE_VIEW@@QEAAXHV?$QList@H@@@Z + 0x397)\n\t0x7ffe5d6d9fd8: edt_wedtq + 0x49fd8 (?rearrange_rows@WEDTQ_NODE_VIEW@@QEAAXHV?$QList@H@@@Z + 0x678)\n\t0x7ffe5d6d6c65: edt_wedtq + 0x46c65 (?dropEvent@WEDTQ_NODE_VIEW@@MEAAXPEAVQDropEvent@@@Z + 0x1d5)\n\t 0x5b140c92: QtGui4 + 0x60c92 (?event@QWidget@@MEAA_NPEAVQEvent@@@Z + 0x5d2)\n\t 0x5b462676: QtGui4 + 0x382676 (?event@QFrame@@MEAA_NPEAVQEvent@@@Z + 0x36)\n\t 0x5b55552c: QtGui4 + 0x47552c (?viewportEvent@QAbstractItemView@@MEAA_NPEAVQEvent@@@Z + 0x4ac)\n\t0x7ffe1cfc1656: GCL_AFCQ + 0xc1656 (?viewportEvent@AFCQ_TREE_VIEW@@MEAA_NPEAVQEvent@@@Z + 0x2b6)\n\t 0x5bf1f802: QtCore4 + 0x10f802 (?sendThroughObjectEventFilters@QCoreApplicationPrivate@@QEAA_NPEAVQObject@@PEAVQEvent@@@Z + 0x82)\n\t 0x5b102e81: QtGui4 + 0x22e81 (?notify_helper@QApplicationPrivate@@QEAA_NPEAVQObject@@PEAVQEvent@@@Z + 0xe1)\n\t 0x5b1022fd: QtGui4 + 0x222fd (?notify@QApplication@@UEAA_NPEAVQObject@@PEAVQEvent@@@Z + 0xf8d)\n\t 0x5bf1d92b: QtCore4 + 0x10d92b (?notifyInternal@QCoreApplication@@AEAA_NPEAVQObject@@PEAVQEvent@@@Z + 0x7b)\n\t 0x5b16c5a3: QtGui4 + 0x8c5a3 (?screenNumber@QDesktopWidget@@QEBAHPEBVQWidget@@@Z + 0xc63)\n\t0x7ffecafb529a: ole32 + 0x3529a (DoDragDrop + 0x10ba)\n\t0x7ffecafb5118: ole32 + 0x35118 (DoDragDrop + 0xf38)\n\t0x7ffecb01516e: ole32 + 0x9516e (OleGetPackageClipboardOwner + 0xb01e)\n\t0x7ffecb014998: ole32 + 0x94998 (OleGetPackageClipboardOwner + 0xa848)\n\t0x7ffecafb4310: ole32 + 0x34310 (DoDragDrop + 0x130)\n\t 0x5b16d89d: QtGui4 + 0x8d89d (?answerRect@QDragMoveEvent@@QEBA?AVQRect@@XZ + 0xacd)\n\t 0x5b1106bf: QtGui4 + 0x306bf (?exec@QDrag@@QEAA?AW4DropAction@Qt@@V?$QFlags@W4DropAction@Qt@@@@W423@@Z + 0x9f)\n\t 0x5b110616: QtGui4 + 0x30616 (?exec@QDrag@@QEAA?AW4DropAction@Qt@@V?$QFlags@W4DropAction@Qt@@@@@Z + 0x16)\n\t0x7ffe5d6d8605: edt_wedtq + 0x48605 (?mouseMoveEvent@WEDTQ_NODE_VIEW@@MEAAXPEAVQMouseEvent@@@Z + 0x245)\n\t 0x5b14076f: QtGui4 + 0x6076f (?event@QWidget@@MEAA_NPEAVQEvent@@@Z + 0xaf)\n\t 0x5b462676: QtGui4 + 0x382676 (?event@QFrame@@MEAA_NPEAVQEvent@@@Z + 0x36)\n\t 0x5b55552c: QtGui4 + 0x47552c (?viewportEvent@QAbstractItemView@@MEAA_NPEAVQEvent@@@Z + 0x4ac)\n\t0x7ffe1cfc1656: GCL_AFCQ + 0xc1656 (?viewportEvent@AFCQ_TREE_VIEW@@MEAA_NPEAVQEvent@@@Z + 0x2b6)\n\t 0x5bf1f802: QtCore4 + 0x10f802 (?sendThroughObjectEventFilters@QCoreApplicationPrivate@@QEAA_NPEAVQObject@@PEAVQEvent@@@Z + 0x82)\n\t 0x5b102e81: QtGui4 + 0x22e81 (?notify_helper@QApplicationPrivate@@QEAA_NPEAVQObject@@PEAVQEvent@@@Z + 0xe1)\n\t 0x5b101a8e: QtGui4 + 0x21a8e (?notify@QApplication@@UEAA_NPEAVQObject@@PEAVQEvent@@@Z + 0x71e)\n\t 0x5bf1d92b: QtCore4 + 0x10d92b (?notifyInternal@QCoreApplication@@AEAA_NPEAVQObject@@PEAVQEvent@@@Z + 0x7b)\n\t 0x5b105cfe: QtGui4 + 0x25cfe (?sendMouseEvent@QApplicationPrivate@@SA_NPEAVQWidget@@PEAVQMouseEvent@@00PEAPEAV2@AEAV?$QPointer@VQWidget@@@@_N@Z + 0x1de)\n\t 0x5b1656f0: QtGui4 + 0x856f0 (?trUtf8@QScrollBar@@SA?AVQString@@PEBD0H@Z + 0x1440)\n\t 0x5b1690b1: QtGui4 + 0x890b1 (?winMouseButtonUp@QApplication@@SAXXZ + 0x2761)\n\t0x7ffeca668160: USER32 + 0x18160 (DispatchMessageW + 0x740)\n\t0x7ffeca667c20: USER32 + 0x17c20 (DispatchMessageW + 0x200)\n\t 0x5bf42802: QtCore4 + 0x132802 (?processEvents@QEventDispatcherWin32@@UEAA_NV?$QFlags@W4ProcessEventsFlag@QEventLoop@@@@@Z + 0x3e2)\n\t 0x5b160eb4: QtGui4 + 0x80eb4 (?openPopup@QApplicationPrivate@@QEAAXPEAVQWidget@@@Z + 0x204)\n\t 0x5bf1a88b: QtCore4 + 0x10a88b (?exec@QEventLoop@@QEAAHV?$QFlags@W4ProcessEventsFlag@QEventLoop@@@@@Z + 0x22b)\n\t 0x5bf1ce6f: QtCore4 + 0x10ce6f (?exec@QCoreApplication@@SAHXZ + 0xdf)\n\t0x7ff732d5197b: quartus + 0x197b (?qgq_main@@YAHHPEAPEBD@Z + 0x7b)\n\t0x7ffeac7a2e98: CCL_MSG + 0x12e98 (?msg_main_thread@@YAPEAXPEAX@Z + 0x18)\n\t0x7ffeac7a467e: CCL_MSG + 0x1467e (?msg_thread_wrapper@@YAPEAXP6APEAXPEAX@Z0@Z + 0x6e)\n\t0x7ffeac976660: ccl_mem + 0x16660 (?mem_thread_wrapper@@YAPEAXP6APEAXPEAX@Z0@Z + 0x70)\n\t0x7ffeac7a2761: CCL_MSG + 0x12761 (?msg_exe_main@@YAHHPEAPEBDP6AHH0@Z@Z + 0xa1)\n\t0x7ff732d524e7: quartus + 0x24e7 (WinMain + 0x127)\n\t0x7ff732d51e58: quartus + 0x1e58 (__tmainCRTStartup + 0x148)\n\t0x7ffec9ee244c: KERNEL32 + 0x1244c (BaseThreadInitThunk + 0x1c)\n\t0x7ffecbbedfb7: ntdll + 0x5dfb7 (RtlUserThreadStart + 0x27)\n",
		"subsystem" : "WEDTQ"
	},
	"quartus" : {
		"quartus_bits" : "64",
		"version" : "18.1.0",
		"build" : "625",
		"edition" : "Lite Edition"
	}
}